{
  "pkg": "@ecomplus/widget-opinioes-verificadas",
  "active": true,
  "desktopOnly": false,
  "enableCheckout": false,
  "disablePages": true,
  "options": {
    "stamp": "",
    "tagJs": "<script charset=\"utf-8\" src=\"https://cl.avis-verifies.com/br/cache/4/7/1/471f527c-f903-c8c4-8924-7f49b5d66c04/AWS/PRODUCT_API/tag.min.js\"></script>"
  },
  "headAppend": "src/append/head",
  "bodyAppend": "src/append/body",
  "productCardSlots": "src/append/product-card-slots",
  "productSlots": "src/append/product-slots",
  "productDescriptionAppend": "src/append/product-block",
  "stampsAppend": "src/append/stamps",
  "useJquery": true
}