{
  "description": {
    "title": "Pagamento e Segurança",
    "text": "Aceitamos diversos métodos de pagamento e comercializamos apenas produtos originais, com NF e aprovados pela ANVISA"
  },
  "links_1": {
    "list_pages": true,
    "title": "Saiba mais",
    "list": []
  },
  "links_2": {
    "list_categories": false,
    "title": "Categorias",
    "list": []
  },
  "contacts": {
    "title": "Contato",
    "phone_wpp": true,
    "socials": true,
    "email": true,
    "address": true
  },
  "stamps": [
    {
      "src": "/img/uploads/ssl-safe.png"
    },
    {
      "src": "/img/uploads/produtos-com-registro-anvisa-removebg-preview-1-.png",
      "link": "https://consultas.anvisa.gov.br/#/genericos/",
      "alt": ""
    },
    {
      "src": "/img/uploads/correios-pac-sedex.png",
      "link": "https://rastreamento.correios.com.br/app/index.php"
    },
    {
      "src": "/img/uploads/design-sem-nome-4-.png"
    }
  ],
  "payment_methods": {
    "bb": false,
    "visa": true,
    "boleto": true,
    "aura": false,
    "banrisul": false,
    "elo": true,
    "hipercard": false,
    "hsbc": false,
    "bradesco": false,
    "santander": false,
    "mastercard": true,
    "paypal": false,
    "citibank": false,
    "hiper": false,
    "diners": false,
    "mais": false,
    "pix": true,
    "amex": false,
    "itau": false
  },
  "credits": "© Harmonize LTDA / CNPJ 40.768.352/0001-06 / Brasília - DF / Preços e condições podem sofrer alterações / Imagens de produtos meramente ilustrativas"
}