{
  "marketing_stripe": {
    "text": "Aproveite nossos combos promocionais",
    "link": "https://www.harmonizeonline.com.br/combos-promocionais",
    "background": "",
    "color": ""
  },
  "contacts_stripe": {
    "pages": [],
    "phone_wpp": true,
    "socials": true
  },
  "categories_list": {
    "featured": [
      "/acido-hialuronico?Ácido Hialurônico",
      "/bioestimulador-de-colageno?Bioestimuladores Colágeno",
      "/combos-promocionais?Combos promocionais",
      "/fios-pdo?Fios PDO",
      "/canulas?Cânulas/Anestésicos",
      "/beaute?Rennova Beauté",
      "/lancamentos?Lançamentos"
    ],
    "random": 0,
    "full_width": true
  },
  "desktop_megamenu": true,
  "search_input": true,
  "alphabetical_order_submenu": false,
  "full_width_submenu": false
}