{
  "meta_title": "",
  "meta_description": "",
  "sections": [
    {
      "type": "banner-slider",
      "autoplay": 9000,
      "full_width": true,
      "slides": [
        {
          "start": "",
          "end": "",
          "img": "/img/uploads/pink-red-minimalist-feminine-gift-box-sale-promotion-banner.jpg"
        }
      ]
    },
    {
      "type": "banner-slider",
      "autoplay": 9000,
      "full_width": false,
      "slides": [
        {
          "start": "",
          "end": "",
          "img": "/img/uploads/banner-1680-520-px-1680-260-px-4-.png"
        }
      ]
    },
    {
      "type": "info-bar",
      "enabled": false
    },
    {
      "type": "banner-slider",
      "autoplay": 9000,
      "full_width": false,
      "slides": [
        {
          "start": "",
          "end": "",
          "img": "/img/uploads/banner-1680-520-px-1680-260-px-7-.png"
        }
      ]
    },
    {
      "type": "brands-carousel",
      "limit": 10,
      "offset": 0,
      "sort": "name"
    },
    {
      "type": "banner-slider",
      "autoplay": 9000,
      "full_width": false,
      "slides": [
        {
          "start": "",
          "end": "",
          "img": "/img/uploads/acido_hialuronico.webp",
          "link": "https://www.harmonizeonline.com.br/acido-hialuronico",
          "mobile_img": "/img/uploads/banner_-1680_-_520_px-_-1680_-_260_px-_-840_-_260_px-.webp"
        }
      ]
    },
    {
      "type": "collection-shelf",
      "shuffle": false,
      "limit": 4,
      "page": 1,
      "collection_id": "6363fdb473321213f8c8750b:categories:Ácido Hialurônico:/acido-hialuronico",
      "sort": "highest_price",
      "link": "https://www.harmonizeonline.com.br/acido-hialuronico",
      "headless": true
    },
    {
      "type": "collection-shelf",
      "shuffle": false,
      "limit": 4,
      "page": 2,
      "collection_id": "6363fdb473321213f8c8750b:categories:Ácido Hialurônico:/acido-hialuronico",
      "headless": true,
      "sort": "highest_price"
    },
    {
      "type": "collection-shelf",
      "shuffle": false,
      "limit": 4,
      "page": 3,
      "headless": true,
      "collection_id": "6363fdb473321213f8c8750b:categories:Ácido Hialurônico:/acido-hialuronico",
      "sort": "highest_price"
    },
    {
      "type": "collection-shelf",
      "shuffle": false,
      "limit": 4,
      "page": 4,
      "collection_id": "6363fdb473321213f8c8750b:categories:Ácido Hialurônico:/acido-hialuronico",
      "sort": "highest_price",
      "headless": true
    },
    {
      "type": "banner-slider",
      "autoplay": 9000,
      "full_width": false,
      "slides": [
        {
          "start": "",
          "end": "",
          "img": "/img/uploads/bioestimuladores-1.webp",
          "link": "https://www.harmonizeonline.com.br/bioestimulador-de-colageno",
          "mobile_img": "/img/uploads/banner_-1680_-_520_px-_-1680_-_260_px-_-840_-_260_px-2-.webp"
        }
      ]
    },
    {
      "page": 1,
      "title": "",
      "shuffle": false,
      "headless": true,
      "type": "collection-shelf",
      "link": "https://www.harmonizeonline.com.br/bioestimulador-de-colageno",
      "limit": 12,
      "collection_id": "607b718871f42b0eaf7684db:categories:Bioestimuladores de Colágeno:/bioestimulador-de-colageno",
      "sort": null
    },
    {
      "type": "banner-slider",
      "autoplay": 9000,
      "full_width": false,
      "slides": [
        {
          "start": "",
          "end": "",
          "img": "/img/uploads/banner_-1680_-_520_px-_-1680_-_260_px-3-.webp",
          "mobile_img": "/img/uploads/banner_-1680_-_520_px-_-1680_-_260_px-_-840_-_260_px-1-.webp"
        }
      ]
    },
    {
      "type": "collection-shelf",
      "shuffle": false,
      "limit": 12,
      "page": 1,
      "collection_id": "607b71a271f42b0eaf7684df:categories:Toxina botulínica:/toxina-botulinica",
      "link": "https://www.harmonizeonline.com.br/toxina-botulinica",
      "sort": null,
      "headless": true
    },
    {
      "type": "banner-slider",
      "autoplay": 9000,
      "full_width": false,
      "slides": [
        {
          "start": "",
          "end": "",
          "img": "/img/uploads/banner-1680-520-px-1680-260-px-.png",
          "link": "https://www.harmonizeonline.com.br/combos-promocionais",
          "mobile_img": "/img/uploads/banner-1680-520-px-1680-260-px-840-260-px-2-.png"
        }
      ]
    },
    {
      "type": "collection-shelf",
      "shuffle": false,
      "limit": 4,
      "page": 1,
      "collection_id": "6363f4fa73321213f8c862c1:categories:Combos promocionais:/combos-promocionais",
      "link": "https://www.harmonizeonline.com.br/combos-promocionais",
      "sort": null,
      "headless": true
    },
    {
      "type": "collection-shelf",
      "shuffle": false,
      "limit": 4,
      "page": 2,
      "collection_id": "6363f4fa73321213f8c862c1:categories:Combos promocionais:/combos-promocionais",
      "sort": "highest_price",
      "headless": true
    },
    {
      "type": "collection-shelf",
      "shuffle": false,
      "limit": 4,
      "page": 3,
      "headless": true,
      "collection_id": "6363f4fa73321213f8c862c1:categories:Combos promocionais:/combos-promocionais",
      "sort": "highest_price"
    },
    {
      "type": "banner-slider",
      "autoplay": 9000,
      "full_width": false,
      "slides": [
        {
          "start": "",
          "end": "",
          "img": "/img/uploads/banner-1680-520-px-1680-260-px-6-.png"
        }
      ]
    },
    {
      "type": "banner-slider",
      "autoplay": 9000,
      "full_width": false,
      "slides": [
        {
          "start": "",
          "end": "",
          "img": "/img/uploads/depo.png"
        },
        {
          "start": "",
          "end": "",
          "img": "/img/uploads/depo2.png"
        },
        {
          "start": "",
          "end": "",
          "img": "/img/uploads/depo3.png"
        },
        {
          "start": "",
          "end": "",
          "img": "/img/uploads/depo4.png"
        },
        {
          "start": "",
          "end": "",
          "img": "/img/uploads/depo5.png"
        },
        {
          "start": "",
          "end": "",
          "img": "/img/uploads/depo6.png"
        }
      ]
    },
    {
      "type": "page-title"
    },
    {
      "type": "custom-html",
      "html": "<script src=\"https://www.harmonizeonline.com.br/demos/InstagramFeed/dist/InstagramFeed.min.js\"></script>\n<div id=\"instagram-feed\" class=\"instagram_feed\"></div>\n<script>\n    (function(){\n        new InstagramFeed({\n            'username': 'harmonizeonline',\n            'container': document.getElementById(\"instagram-feed\"),\n            'display_profile': false,\n            'display_biography': false,\n            'display_igtv': false,\n            'display_gallery': true,\n            'get_raw_json': false,\n            'callback': null,\n            'styling': true,\n            'items': 6,\n            'items_per_row': 6,\n            'margin': 1\n        });\n    })();\n</script>"
    },
    {
      "type": "custom-html",
      "html": "<a href=\"https://wa.me/5561986538395?text=Ola%20estou%20na%20sua%20loja\" style=\"position:fixed;width:60px;height:60px;bottom:40px;right:40px;background-color:#25d366;color:#FFF;border-radius:50px;text-align:center;font-size:30px;box-shadow: 1px 1px 2px #888;\nz-index:1000;\" target=\"_blank\">\n<i style=\"margin-top:16px\" class=\"fab fa-whatsapp\"></i>\n</a>"
    },
    {
      "type": "custom-html",
      "html": "<script src=\"https://www.mercadopago.com/v2/security.js\" view=\"home\"></script>"
    }
  ]
}