{
  "sections": [
    {
      "type": "breadcrumbs",
      "enabled": true
    },
    {
      "type": "product-block",
      "enabled": true,
      "size_guide": {
        "image": "",
        "title": ""
      }
    },
    {
      "type": "product-description",
      "title": "Quem comprou este produto, também comprou:",
      "enabled": true
    },
    {
      "type": "buy-together",
      "enabled": true
    },
    {
      "type": "recommended-products",
      "title": "Quem comprou este produto, também comprou:",
      "show_loading": true
    },
    {
      "type": "custom-html",
      "html": "<a href=\"https://wa.me/5561986538395?text=Olá!%20Visitei%20a%20Harmonize!%20\" style=\"position:fixed;width:60px;height:60px;bottom:40px;right:40px;background-color:#25d366;color:#FFF;border-radius:50px;text-align:center;font-size:30px;box-shadow: 1px 1px 2px #888;\nz-index:1000;\" target=\"_blank\">\n<i style=\"margin-top:16px\" class=\"fab fa-whatsapp\"></i>\n</a>"
    },
    {
      "type": "related-products",
      "title": "Produtos relacionados"
    },
    {
      "type": "custom-html",
      "html": "<script src=\"https://www.mercadopago.com/v2/security.js\" view=\"item\"></script>"
    }
  ]
}